[
  {
    "flight_number": "AI101",
    "departure": "Delhi",
    "destination": "Mumbai",
    "departure_time": "08:00",
    "total_seats": 50,
    "base_price": 5000,
    "type": "domestic"
  },
  {
    "flight_number": "6E202",
    "departure": "Bangalore",
    "destination": "Chennai",
    "departure_time": "14:30",
    "total_seats": 45,
    "base_price": 4500,
    "type": "domestic"
  },
  {
    "flight_number": "AI301",
    "departure": "Delhi",
    "destination": "New York",
    "departure_time": "02:00",
    "total_seats": 30,
    "base_price": 45000,
    "type": "international"
  },
  {
    "flight_number": "EK501",
    "departure": "Mumbai",
    "destination": "Dubai",
    "departure_time": "18:45",
    "total_seats": 40,
    "base_price": 25000,
    "type": "international"
  }
]
